{"cameraMode":{"drawMode":0,"name":"Shaded","section":"Shading Mode"},"sceneLighting":true,"audioPlay":false,"sceneViewState":{"showFog":true,"showMaterialUpdate":false,"showSkybox":true,"showFlares":true,"showImageEffects":true,"showParticleSystems":true,"showVisualEffectGraphs":true,"m_FxEnabled":true},"in2DMode":false,"pivot":{"x":0.14386290311813355,"y":0.9898209571838379,"z":0.24467667937278748},"rotation":{"x":-0.22789067029953004,"y":0.47024932503700259,"z":-0.1271127462387085,"w":-0.843073844909668},"size":1.2049155235290528,"orthographic":false}